CHROM,POS,REF,ALT,QUAL,DP,AF,MQ,FQ,INDEL,IDV,IMF,VDB,SGB,RPB,MQB,MQSB,BQB,SCB,MQ0F,AF1,AC1,DP4,PV4
chr3,41291081,G,A,221.999,25,,60,-101.987,,,,0.990966,-0.692914,,,,,,0,1.0,2,"0,0,7,18",
chr3,41299123,caaaaaaaaaaaaaaaaa,"caaaaaaaaaaaaaaaa,caaaaaaaaaaaaaaa",72.4682,24,,59,-5.12076,,14.0,0.583333,0.592075,-0.686358,,,,,,0,0.500199,1,"8,1,10,4","0.610568,0.127722,1,1"
chr3,41497165,G,A,104.008,16,,60,107.016,,,,0.928304,-0.636426,,,,,,0,0.5,1,"2,7,1,6","1,0.0299835,1,0.446483"
chr3,41607388,T,C,131.008,27,,60,133.973,,,,0.454942,-0.680642,,,,,,0,0.5,1,"15,0,12,0","1,0.171362,1,0.148748"
chr3,41607450,C,T,224.009,52,,60,224.478,,,,0.505048,-0.692976,,,,,,0,0.5,1,"22,4,23,3","1,0.0306502,1,0.262247"
chr3,41607701,C,G,138.008,36,,60,140.948,,,,0.309666,-0.688148,,,,,,0,0.5,1,"0,21,0,15","1,1,1,1"
chr3,41756965,C,T,222.0,39,,60,-67.9862,,,,0.316482,-0.693141,,,,,,0,1.0,2,"1,1,13,24","1,0.340877,1,1"
chr3,41756986,A,T,222.021,31,,60,-52.986,,,,0.619965,-0.693079,,,,,,0,1.0,2,"0,2,7,22","1,1,1,1"
chr3,41759191,T,C,221.999,34,,60,-91.9865,,,,0.140477,-0.693127,,,,,,0,1.0,2,"1,0,31,2","1,0.389774,1,1"
chr3,41795841,A,C,225.009,19,,60,129.016,,,,0.369891,-0.680642,,,,,,0,0.5,1,"5,2,6,6","0.633246,1,1,1"
chr3,41831203,C,T,206.009,30,,60,208.227,,,,0.619182,-0.688148,,,,,,0,0.5,1,"12,3,11,4","1,0.0634551,1,1"
chr3,41841716,A,C,221.999,31,,60,-119.987,,,,0.728161,-0.69311,,,,,,0,1.0,2,"0,0,16,15",
chr3,41841811,TATTA,TATTAATTA,108.467,29,,60,111.477,,8.0,0.275862,0.13615,-0.651104,,,,,,0,0.5,1,"8,13,1,7","0.371481,1,1,1"
chr3,41860955,A,G,199.009,26,,60,202.006,,,,0.696154,-0.680642,,,,,,0,0.5,1,"7,7,8,4","0.452739,1,1,0.268722"
chr3,41861013,GAAAAAAAAA,GAAAAAAAA,212.458,17,,60,-85.5256,,14.0,0.823529,0.916415,-0.690438,,,,,,0,1.0,2,"0,0,7,10",
chr3,41877414,T,C,219.009,45,,60,221.044,,,,0.969872,-0.690438,,,,,,0,0.5,1,"12,16,9,8","0.552051,0.125831,1,0.0275117"
chr3,41877473,CAAAAAAAAAAAAA,"CAAAAAAAAAAAAAAAA,CAAAAAAAAAAAAAAA",93.2551,38,,60,-30.5287,,13.0,0.342105,0.82583,-0.680642,,,,,,0,0.624261,1,"7,13,2,10","0.422375,1,1,1"
chr3,41900774,T,C,181.009,16,,60,129.016,,,,0.755656,-0.670168,,,,,,0,0.5,1,"3,3,7,3","0.606643,0.0226649,1,1"
chr3,41900951,C,A,221.999,24,,60,-98.9866,,,,0.238872,-0.692831,,,,,,0,1.0,2,"0,0,17,7",
chr3,41901030,C,A,225.009,32,,60,225.007,,,,0.0403814,-0.689466,,,,,,0,0.5,1,"8,8,4,12","0.27337,1,1,1"
chr3,41923743,caaaa,caa,100.467,22,,60,103.477,,6.0,0.272727,0.758048,-0.616816,,,,,,0,0.5,1,"11,5,4,2","1,1,1,0.369293"
chr3,41925423,T,C,225.009,110,,60,225.007,,,,0.411032,-0.693147,,,,,,0,0.5,1,"19,26,25,40","0.697722,0.0689487,1,1"
chr3,41935127,CATTAT,CAT,152.468,115,,60,155.477,,41.0,0.356522,0.168146,-0.693145,,,,,,0,0.5,1,"9,65,1,40","0.0938067,1,1,1"
chr3,41936827,G,A,152.008,91,,60,154.502,,,,0.962832,-0.693145,,,,,,0,0.5,1,"51,0,40,0","1,1,1,1"
chr3,41937051,T,C,225.009,241,,60,225.007,,,,2.04252e-06,-0.693147,,,,,,0,0.5,1,"49,85,51,56","0.0886939,1,1,1"
chr3,41938500,G,C,168.009,21,,60,171.017,,,,0.246704,-0.662043,,,,,,0,0.5,1,"5,7,6,3","0.386997,0.380745,1,1"
chr3,41939781,G,A,176.009,37,,60,156.989,,,,0.0645344,-0.690438,,,,,,0,0.5,1,"20,0,16,1","0.459459,0.424699,1,1"
chr3,41939993,T,A,225.009,68,,60,225.007,,,,0.0783852,-0.693127,,,,,,0,0.5,1,"6,23,7,26","1,0.28459,1,1"
chr3,41949301,T,C,134.008,16,,60,114.989,,,,0.351291,-0.651104,,,,,,0,0.5,1,"8,0,7,1","1,1,1,1"
chr3,41952781,C,T,225.009,96,,60,225.007,,,,0.475348,-0.693147,,,,,,0,0.5,1,"23,25,21,27","0.837848,1,1,1"
chr3,41952852,T,C,225.009,76,,60,225.007,,,,0.373714,-0.693144,,,,,,0,0.5,1,"8,29,11,28","0.600206,1,1,1"
chr3,41977464,A,C,225.009,51,,60,208.963,,,,0.597455,-0.693097,,,,,,0,0.5,1,"4,17,7,23","1,0.142484,1,1"
chr3,41978640,AG,A,146.467,22,,60,35.4772,,13.0,0.590909,0.087529,-0.683931,,,,,,0,0.5,1,"9,0,12,1","1,1,1,1"
chr3,41978738,A,T,195.009,29,,60,198.013,,,,0.870661,-0.683931,,,,,,0,0.5,1,"11,5,10,3","0.696818,1,1,0.407417"
chr3,41996275,A,G,225.009,47,,60,109.016,,,,0.936581,-0.693127,,,,,,0,0.5,1,"0,14,5,28","0.302856,0.421148,1,0.185477"
chr3,41996304,G,A,217.009,36,,60,140.016,,,,0.272026,-0.692067,,,,,,0,0.5,1,"0,16,2,18","0.492063,1,1,1"
chr3,52720080,A,C,221.999,75,,60,-166.987,,,,0.174155,-0.693147,,,,,,0,1.0,2,"3,0,45,27","0.548967,1,1,1"
chr3,52722266,Atttttttttt,Attttttttt,69.4376,38,,60,-31.528,,28.0,0.736842,0.0431032,-0.693054,,,,,,0,0.667194,1,"0,10,0,28","1,1,1,1"
chr3,171965109,A,G,184.999,24,,60,-98.9866,,,,0.174582,-0.692831,,,,,,0,1.0,2,"0,0,24,0",
chr3,171965629,A,G,221.999,51,,60,-180.988,,,,0.104753,-0.693147,,,,,,0,1.0,2,"0,0,3,48",
chr3,171969077,C,G,221.999,66,,60,-152.987,,,,0.104522,-0.693147,,,,,,0,1.0,2,"0,2,27,37","0.509091,0.362473,1,0.189964"
chr3,171969228,T,C,221.999,30,,60,-116.987,,,,0.410152,-0.693097,,,,,,0,1.0,2,"0,0,10,20",
chr3,172046695,GTTTTTTTTTTTTT,GTTTTTTTTTTTTTT,100.467,27,,60,17.5527,,13.0,0.481481,0.000418467,-0.680642,,,,,,0,0.500002,1,"14,0,10,2","0.203077,1,1,1"
chr3,172046861,T,C,225.009,95,,60,225.007,,,,0.157784,-0.693147,,,,,,0,0.5,1,"25,20,30,20","0.682652,1,1,1"
chr3,172046933,A,G,225.009,87,,60,225.007,,,,0.375302,-0.693145,,,,,,0,0.5,1,"12,35,17,23","0.113527,1,1,1"
chr3,172055273,T,C,118.008,25,,60,121.016,,,,0.246704,-0.662043,,,,,,0,0.5,1,"1,15,1,8","1,0.176902,1,1"
chr3,172064828,A,C,150.008,35,,60,141.684,,,,0.0167502,-0.691153,,,,,,0,0.5,1,"17,0,18,0","1,1,1,0.264192"
chr3,172115465,T,A,225.009,58,,60,225.007,,,,0.133618,-0.692831,,,,,,0,0.5,1,"9,23,9,15","0.566224,1,1,1"
chr3,172115466,T,A,225.009,57,,60,225.007,,,,0.11656,-0.692976,,,,,,0,0.5,1,"9,21,9,17","0.778934,1,1,1"
chr3,172115475,gaaaaaaaaa,gAaaaaaaaaa,161.468,53,,60,43.4762,,17.0,0.320755,0.26468,-0.690438,,,,,,0,0.5,1,"11,22,4,13","0.533472,1,1,1"
chr3,172115590,ATTTTTTTTTTTTT,ATTTTTTTTTTTT,57.4664,32,,60,10.8484,,14.0,0.4375,0.102551,-0.683931,,,,,,0,0.500008,1,"0,18,1,12","0.419355,1,1,1"
chr3,172117626,ATTTTTTTTTT,ATTTTTTTTT,214.458,121,,60,-192.527,,104.0,0.859504,0.182994,-0.693147,,,,,,0,1.0,2,"5,12,56,48","0.0717881,1,1,1"
